elapsed time sensors,current,voltage,acc x (IMU),acc y (IMU),W (IMU),vel encoder,safety_value,throttle,steering,vicon time,vicon x,vicon y,vicon yaw,velocity x,velocity y
5.304504871368408,0.0,0.0,0.0,0.0,-1.7686997652053833,0.6466028690338135,1.0,0.30000001192092896,-1.0,1733474892.5885177,0.177806891664273,-0.10378464455915126,-0.21576626530934007,0.7124335169792175,-0.25164341926574707
5.324180603027344,0.0,0.0,0.0,0.0,-1.817248821258545,0.6656602025032043,1.0,0.30000001192092896,-1.0,1733474892.5981383,0.1935948066541032,-0.11758533223144947,-0.2208898474916933,0.7124335169792175,-0.25164341926574707
5.324180603027344,0.0,0.0,0.0,0.0,-1.817248821258545,0.6656602025032043,1.0,0.30000001192092896,-1.0,1733474892.6081922,0.199809670163726,-0.11783453606547342,-0.2414544582898585,0.7149144411087036,-0.2401629239320755
5.3344550132751465,0.0,0.0,0.0,0.0,-1.8135355710983276,0.6722785830497742,1.0,0.30000001192092896,-1.0,1733474892.6185305,0.2118135240746773,-0.10475985816246638,-0.2636265953940166,0.7429825067520142,-0.2600988745689392
5.345309734344482,0.0,0.0,0.0,0.0,-1.816096305847168,0.6954717040061951,1.0,0.30000001192092896,-1.0,1733474892.6281989,0.22407321139916309,-0.1112495697224741,-0.29494992603244996,0.7429825067520142,-0.2600988745689392
5.354291915893555,0.0,0.0,0.0,0.0,-1.8432762622833252,0.710361897945404,1.0,0.30000001192092896,-1.0,1733474892.6384318,0.20937728079741275,-0.11666591979459792,-0.303361484951864,0.75565105676651,-0.2617540955543518
5.364657402038574,0.0,0.0,0.0,0.0,-1.8792649507522583,0.7222046256065369,1.0,0.30000001192092896,-1.0,1733474892.6482544,0.2403759442521814,-0.11901193155217347,-0.3272008706304764,0.7594382762908936,-0.25631484389305115
5.374456405639648,0.0,0.0,0.0,0.0,-1.8996762037277222,0.7422232031822205,1.0,0.30000001192092896,-1.0,1733474892.6581273,0.25350047922151275,-0.11718538281416682,-0.35214076800434607,0.7749611735343933,-0.2572568953037262
5.384224891662598,0.0,0.0,0.0,0.0,-1.908826231956482,0.7274855971336365,1.0,0.30000001192092896,-1.0,1733474892.6682754,0.24735730209454626,-0.13859721358743296,-0.37667290345123644,0.7730921506881714,-0.25607335567474365
5.394333839416504,0.0,0.0,0.0,0.0,-1.9400259256362915,0.7377929091453552,1.0,0.30000001192092896,-1.0,1733474892.678234,0.24767263152550711,-0.14329565429213337,-0.40280411905228797,0.7937735915184021,-0.26995453238487244
5.415257453918457,0.0,0.0,0.0,0.0,-1.9872995615005493,0.7503955960273743,1.0,0.30000001192092896,-1.0,1733474892.6884172,0.25449768924066196,-0.140704405132411,-0.4222758874938697,0.7933907508850098,-0.26383736729621887
5.415257453918457,0.0,0.0,0.0,0.0,-1.9872995615005493,0.7503955960273743,1.0,0.30000001192092896,-1.0,1733474892.698148,0.2669400540037083,-0.14792786822679407,-0.4480495743386574,0.79584139585495,-0.26090800762176514
5.424231052398682,0.0,0.0,0.0,0.0,-1.973726511001587,0.7763403654098511,1.0,0.30000001192092896,-1.0,1733474892.708526,0.2661732456643147,-0.1469274565637329,-0.4691234301482454,0.8204813003540039,-0.26415151357650757
5.444859504699707,0.0,0.0,0.0,0.0,-2.029456615447998,0.8123250603675842,1.0,0.30000001192092896,-1.0,1733474892.7183285,0.2768977268793128,-0.15601508541428608,-0.5055891104700979,0.8296719193458557,-0.279934823513031
5.444859504699707,0.0,0.0,0.0,0.0,-2.029456615447998,0.8123250603675842,1.0,0.30000001192092896,-1.0,1733474892.7281249,0.280778865887394,-0.17099158583815088,-0.5123031018019206,0.8296719193458557,-0.279934823513031
5.454166889190674,0.0,0.0,0.0,0.0,-2.0493006706237793,0.8239953517913818,1.0,0.30000001192092896,-1.0,1733474892.7383018,0.31594930481608496,-0.185673213660805,-0.5301548107711385,0.8583657741546631,-0.27154800295829773
5.464919090270996,0.0,0.0,0.0,0.0,-2.0544345378875732,0.8153225183486938,1.0,0.30000001192092896,-1.0,1733474892.7484918,0.29731359978652205,-0.18163764555315215,-0.5702910557445545,0.8583657741546631,-0.27993112802505493
5.485810279846191,0.0,0.0,0.0,0.0,-2.118161916732788,0.8446958065032959,1.0,0.30000001192092896,-1.0,1733474892.7583218,0.3089710719086929,-0.18254314712460634,-0.573060210232226,0.8505998849868774,-0.2797029912471771
5.485810279846191,0.0,0.0,0.0,0.0,-2.118161916732788,0.8446958065032959,1.0,0.30000001192092896,-1.0,1733474892.76814,0.3238457282211942,-0.18300892050141615,-0.5866205317099976,0.8647419214248657,-0.2730347216129303
5.4941725730896,0.0,0.0,0.0,0.0,-2.122924566268921,0.8475208878517151,1.0,0.30000001192092896,-1.0,1733474892.7782369,0.3173755538421099,-0.2026016768828321,-0.6515741241803071,0.8704735040664673,-0.2782904803752899
5.504328727722168,0.0,0.0,0.0,0.0,-2.164928674697876,0.8619972467422485,1.0,0.30000001192092896,-1.0,1733474892.7884185,0.33340152491271735,-0.20558042219242828,-0.6518633477452644,0.8915327191352844,-0.2837713360786438
5.514753341674805,0.0,0.0,0.0,0.0,-2.1616709232330322,0.8512536883354187,1.0,0.30000001192092896,-1.0,1733474892.7981737,0.3517478084287881,-0.21428503330293228,-0.6937912052486057,0.8915327191352844,-0.2924154996871948
5.524179935455322,0.0,0.0,0.0,0.0,-2.160336494445801,0.8835586309432983,1.0,0.30000001192092896,-1.0,1733474892.80848,0.35061739451824697,-0.21056774566365405,-0.6979232348269236,0.8988085985183716,-0.2781498432159424
5.534905910491943,0.0,0.0,0.0,0.0,-2.1853883266448975,0.8757062554359436,1.0,0.30000001192092896,-1.0,1733474892.8183532,0.35350554536615714,-0.21967752690168155,-0.7540018920455501,0.9157251715660095,-0.2781498432159424
5.54484748840332,0.0,0.0,0.0,0.0,-2.2110211849212646,0.8711445331573486,1.0,0.30000001192092896,-1.0,1733474892.8283176,0.36904030948653516,-0.2359280062457356,-0.7769601928284626,0.9207603931427002,-0.2796054482460022
5.554409980773926,0.0,0.0,0.0,0.0,-2.2255022525787354,0.8774898052215576,1.0,0.30000001192092896,-1.0,1733474892.8384614,0.3698175644323863,-0.24488565394475617,-0.8004179662642227,0.9255213141441345,-0.2921271026134491
5.574583530426025,0.0,0.0,0.0,0.0,-2.288663148880005,0.8926631212234497,1.0,0.30000001192092896,-1.0,1733474892.8483248,0.3820350093836046,-0.23362363271654613,-0.811265617648124,0.9426904916763306,-0.28976231813430786
5.574583530426025,0.0,0.0,0.0,0.0,-2.288663148880005,0.8926631212234497,1.0,0.30000001192092896,-1.0,1733474892.858124,0.3798139340989147,-0.24514765223997897,-0.8123592680663071,0.9426904916763306,-0.28976231813430786
5.584226131439209,0.0,0.0,0.0,0.0,-2.274489641189575,0.9197202324867249,1.0,0.30000001192092896,-1.0,1733474892.8683228,0.4021972140272241,-0.2740515607309467,-0.8319146332840444,0.9560673236846924,-0.2990262508392334
5.6042304039001465,0.0,0.0,0.0,0.0,-2.301923990249634,0.9303714632987976,1.0,0.30000001192092896,-1.0,1733474892.8781562,0.40055522438934404,-0.25977078924012464,-0.9011928764722565,0.9736248850822449,-0.2991204559803009
5.6042304039001465,0.0,0.0,0.0,0.0,-2.301923990249634,0.9303714632987976,1.0,0.30000001192092896,-1.0,1733474892.8882487,0.4195096858343838,-0.2835758580870573,-0.889759925357888,0.9736248850822449,-0.2991204559803009
5.614589214324951,0.0,0.0,0.0,0.0,-2.325880289077759,0.9380652904510498,1.0,0.30000001192092896,-1.0,1733474892.8981726,0.40954328604497503,-0.28615016291456874,-0.9547052271729558,0.9794845581054688,-0.30815571546554565
5.63468599319458,0.0,0.0,0.0,0.0,-2.3596553802490234,0.9473523497581482,1.0,0.30000001192092896,-1.0,1733474892.908284,0.4185573100151294,-0.30234044045933345,-0.9450634954379685,0.9869897961616516,-0.3048020005226135
5.644923686981201,0.0,0.0,0.0,0.0,-2.3768582344055176,0.9405250549316406,1.0,0.30000001192092896,-1.0,1733474892.9184191,0.41977499336986773,-0.31071951393029884,-0.9966440222960682,0.9844053983688354,-0.3009871244430542
5.654391765594482,0.0,0.0,0.0,0.0,-2.4010589122772217,0.9478983879089355,1.0,0.30000001192092896,-1.0,1733474892.9283476,0.4188241919100999,-0.310427192465433,-1.0203744436400093,1.004218339920044,-0.30626675486564636
5.6650166511535645,0.0,0.0,0.0,0.0,-2.4116084575653076,0.9585683345794678,1.0,0.30000001192092896,-1.0,1733474892.93837,0.44589236764495227,-0.3339910460407771,-1.0785467269370332,1.004218339920044,-0.31033045053482056
5.6650166511535645,0.0,0.0,0.0,0.0,-2.4116084575653076,0.9585683345794678,1.0,0.30000001192092896,-1.0,1733474892.9482136,0.446928689327289,-0.3499937675356979,-1.0745645156809516,1.0115057229995728,-0.30821412801742554
5.674300193786621,0.0,0.0,0.0,0.0,-2.4591851234436035,0.9842003583908081,1.0,0.30000001192092896,-1.0,1733474892.9581645,0.4379182116041298,-0.3391495147556426,-1.0686192429700254,1.0216330289840698,-0.31326431035995483
5.684237003326416,0.0,0.0,0.0,0.0,-2.46028470993042,0.9926270246505737,1.0,0.30000001192092896,-1.0,1733474892.9682963,0.45775051518841925,-0.3568011522742189,-1.1431949254773675,1.02908456325531,-0.31326431035995483
5.704283714294434,0.0,0.0,0.0,0.0,-2.497600555419922,1.0055755376815796,1.0,0.30000001192092896,-1.0,1733474892.9782248,0.46381937789880967,-0.37931523341893314,-1.1220729613162868,1.0291341543197632,-0.3105570673942566
5.714711666107178,0.0,0.0,0.0,0.0,-2.520996570587158,0.9952067732810974,1.0,0.30000001192092896,-1.0,1733474892.9885256,0.45576227757491594,-0.37889221102150344,-1.1916829215493374,1.0451651811599731,-0.31979450583457947
5.724661350250244,0.0,0.0,0.0,0.0,-2.533144235610962,1.0158488750457764,1.0,0.30000001192092896,-1.0,1733474892.9982963,0.45307475100641587,-0.37574945625711365,-1.1768044978188283,1.0677440166473389,-0.3091302514076233
5.724661350250244,0.0,0.0,0.0,0.0,-2.533144235610962,1.0158488750457764,1.0,0.30000001192092896,-1.0,1733474893.008237,0.4785118763735348,-0.39299299287317246,-1.2414860712653872,1.0677440166473389,-0.3091302514076233
5.734544277191162,0.0,0.0,0.0,0.0,-2.5273184776306152,1.0461976528167725,1.0,0.30000001192092896,-1.0,1733474893.0181618,0.47036534242500694,-0.4039200919335526,-1.2319286598164918,1.0609617233276367,-0.3153332471847534
5.7442755699157715,0.0,0.0,0.0,0.0,-2.5308427810668945,1.0362006425857544,1.0,0.30000001192092896,-1.0,1733474893.0286326,0.4716992821939774,-0.43560766825952385,-1.332025166416816,1.0660146474838257,-0.3268858790397644
5.764577865600586,0.0,0.0,0.0,0.0,-2.581380605697632,1.0341120958328247,1.0,0.30000001192092896,-1.0,1733474893.0382612,0.4815037576454544,-0.44009120393888157,-1.3386219628440534,1.0816974639892578,-0.3134607970714569
5.774260520935059,0.0,0.0,0.0,0.0,-2.5895166397094727,1.0420005321502686,1.0,0.30000001192092896,-1.0,1733474893.0481462,0.48207408444488986,-0.4501141703336645,-1.3425328968626735,1.0987179279327393,-0.325684130191803
5.774260520935059,0.0,0.0,0.0,0.0,-2.5895166397094727,1.0420005321502686,1.0,0.30000001192092896,-1.0,1733474893.0581698,0.47205560600642155,-0.44511951651039566,-1.3568551906110844,1.0987179279327393,-0.325684130191803
5.795388698577881,0.0,0.0,0.0,0.0,-2.6223087310791016,1.0947012901306152,1.0,0.30000001192092896,-1.0,1733474893.0689328,0.49345115462544137,-0.47823328914352065,-1.4108995095332801,1.1209795475006104,-0.31921476125717163
5.795388698577881,0.0,0.0,0.0,0.0,-2.6223087310791016,1.0947012901306152,1.0,0.30000001192092896,-1.0,1733474893.078213,0.48101238420448145,-0.47561347629411443,-1.3994732774830074,1.1209795475006104,-0.31921476125717163
5.804281234741211,0.0,0.0,0.0,0.0,-2.621248722076416,1.0957623720169067,1.0,0.30000001192092896,-1.0,1733474893.0882742,0.50014052414983,-0.4948811435913873,-1.438868664297102,1.1206430196762085,-0.3216780126094818
5.824392318725586,0.0,0.0,0.0,0.0,-2.6451847553253174,1.1139838695526123,1.0,0.30000001192092896,-1.0,1733474893.098183,0.5047243050653436,-0.5013288115127259,-1.484242954828503,1.1295067071914673,-0.3262593746185303
5.824392318725586,0.0,0.0,0.0,0.0,-2.6451847553253174,1.1139838695526123,1.0,0.30000001192092896,-1.0,1733474893.10825,0.4872380776190903,-0.5082177125930184,-1.5569459871442481,1.1254990100860596,-0.32515373826026917
5.84448766708374,0.0,0.0,0.0,0.0,-2.7165699005126953,1.1243035793304443,1.0,0.30000001192092896,-1.0,1733474893.118228,0.49182095271849363,-0.5178454254238752,-1.6015640931901043,1.1363273859024048,-0.3288387358188629
5.84448766708374,0.0,0.0,0.0,0.0,-2.7165699005126953,1.1243035793304443,1.0,0.30000001192092896,-1.0,1733474893.128754,0.49184226391146885,-0.5332869679472244,-1.553250466421697,1.1363273859024048,-0.3241831362247467
5.864602088928223,0.0,0.0,0.0,0.0,-2.7403507232666016,1.1299680471420288,1.0,0.30000001192092896,-1.0,1733474893.1382961,0.4955821059983875,-0.5536829439860145,-1.616620643237058,1.1607614755630493,-0.32561200857162476
5.864602088928223,0.0,0.0,0.0,0.0,-2.7403507232666016,1.1299680471420288,1.0,0.30000001192092896,-1.0,1733474893.1481566,0.5106693113972978,-0.559076824773203,-1.6111028961463547,1.159945011138916,-0.344377338886261
5.884756565093994,0.0,0.0,0.0,0.0,-2.7579970359802246,1.1372075080871582,1.0,0.30000001192092896,-1.0,1733474893.1583736,0.4833012887884127,-0.5967619291313556,-1.6574762935337086,1.1796194314956665,-0.3446361720561981
5.895656108856201,0.0,0.0,0.0,0.0,-2.7563819885253906,1.1276239156723022,1.0,0.30000001192092896,-1.0,1733474893.1687868,0.48474493284798303,-0.6114426888983194,-1.7233650911160863,1.184951901435852,-0.3446361720561981
5.904253005981445,0.0,0.0,0.0,0.0,-2.769667148590088,1.1643460988998413,1.0,0.30000001192092896,-1.0,1733474893.1781797,0.49910677219571636,-0.5981601176557921,-1.7117900612240222,1.1765811443328857,-0.34447622299194336
5.904253005981445,0.0,0.0,0.0,0.0,-2.769667148590088,1.1643460988998413,1.0,0.30000001192092896,-1.0,1733474893.1886487,0.4941510341036091,-0.6356143553029598,-1.7244215210779261,1.1765811443328857,-0.34447622299194336
5.924349784851074,0.0,0.0,0.0,0.0,-2.82883882522583,1.1780259609222412,1.0,0.30000001192092896,-1.0,1733474893.1982303,0.5032726457287535,-0.6249761279168508,-1.8454751108823766,1.1900631189346313,-0.3543604612350464
5.924349784851074,0.0,0.0,0.0,0.0,-2.82883882522583,1.1780259609222412,1.0,0.30000001192092896,-1.0,1733474893.208491,0.48409804645304977,-0.6592094228446214,-1.7901748610305126,1.2074989080429077,-0.3543604612350464
5.944490432739258,0.0,0.0,0.0,0.0,-2.8210935592651367,1.1817859411239624,1.0,0.30000001192092896,-1.0,1733474893.2181041,0.48527145854982434,-0.6642786708742969,-1.872624568596134,1.21317458152771,-0.3495425581932068
5.954649925231934,0.0,0.0,0.0,0.0,-2.832235097885132,1.1747848987579346,1.0,0.30000001192092896,-1.0,1733474893.228305,0.4857129873398124,-0.6726143761099569,-1.9302397675496783,1.2028175592422485,-0.35486239194869995
5.964590549468994,0.0,0.0,0.0,0.0,-2.854386329650879,1.1848170757293701,1.0,0.30000001192092896,-1.0,1733474893.238252,0.4676535479793165,-0.6891957271843789,-1.9023017917237695,1.218565583229065,-0.35846325755119324
5.964590549468994,0.0,0.0,0.0,0.0,-2.854386329650879,1.1848170757293701,1.0,0.30000001192092896,-1.0,1733474893.2483928,0.470330218365844,-0.6936127926421032,-1.9859366728779917,1.2219411134719849,-0.35846325755119324
5.984227657318115,0.0,0.0,0.0,0.0,-2.8721957206726074,1.2126489877700806,1.0,0.30000001192092896,-1.0,1733474893.2581518,0.4802855099591019,-0.7216626099638529,-1.9791738059459572,1.2216691970825195,-0.35705527663230896
5.984227657318115,0.0,0.0,0.0,0.0,-2.8721957206726074,1.2126489877700806,1.0,0.30000001192092896,-1.0,1733474893.2685661,0.4560785596153629,-0.7397895072816068,-1.992115700160897,1.2298669815063477,-0.3475193977355957
5.995692253112793,0.0,0.0,0.0,0.0,-2.8984925746917725,1.2049057483673096,1.0,0.30000001192092896,-1.0,1733474893.278205,0.45903335969688674,-0.7472525259146211,-1.9879797259050926,1.2498509883880615,-0.358620285987854
6.004274845123291,0.0,0.0,0.0,0.0,-2.8977179527282715,1.2041043043136597,1.0,0.30000001192092896,-1.0,1733474893.2883415,0.4668614071423218,-0.7385421355748345,-2.122708153013217,1.241284728050232,-0.3490270972251892
6.015049934387207,0.0,0.0,0.0,0.0,-2.92141056060791,1.2345266342163086,1.0,0.30000001192092896,-1.0,1733474893.2981703,0.46732168181448763,-0.7786406709418933,-2.0534615647225616,1.2646325826644897,-0.36011016368865967
6.034527778625488,0.0,0.0,0.0,0.0,-2.9679596424102783,1.2128945589065552,1.0,0.30000001192092896,-1.0,1733474893.308326,0.43615143777127163,-0.7791126587224886,-2.136091565072238,1.255098581314087,-0.355714350938797
6.034527778625488,0.0,0.0,0.0,0.0,-2.9679596424102783,1.2128945589065552,1.0,0.30000001192092896,-1.0,1733474893.3184443,0.4325043004433397,-0.7967727221808214,-2.1827978338278182,1.2601876258850098,-0.3507910370826721
6.046042442321777,0.0,0.0,0.0,0.0,-2.9641473293304443,1.2365314960479736,1.0,0.30000001192092896,-1.0,1733474893.328379,0.4370785686103307,-0.8069058609720088,-2.246905994103958,1.2768832445144653,-0.3612483739852905
6.054610252380371,0.0,0.0,0.0,0.0,-2.954225778579712,1.2378044128417969,1.0,0.30000001192092896,-1.0,1733474893.338292,0.41975170930247196,-0.8271097553834708,-2.231567494231449,1.2802698612213135,-0.36727336049079895
6.0645575523376465,0.0,0.0,0.0,0.0,-2.993232488632202,1.2663639783859253,1.0,0.30000001192092896,-1.0,1733474893.3483212,0.4134351497747877,-0.8202927947653523,-2.2741509877548927,1.2834869623184204,-0.36654195189476013
6.075491905212402,0.0,0.0,0.0,0.0,-3.0188255310058594,1.2313511371612549,1.0,0.30000001192092896,-1.0,1733474893.358198,0.4140453321267603,-0.8503593400061205,-2.313694345608243,1.2865580320358276,-0.36215949058532715
6.094780921936035,0.0,0.0,0.0,0.0,-3.0152902603149414,1.2507015466690063,1.0,0.30000001192092896,-1.0,1733474893.3681822,0.41019747013074803,-0.8353442333935298,-2.292303161091644,1.2862850427627563,-0.3599895238876343
6.094780921936035,0.0,0.0,0.0,0.0,-3.0152902603149414,1.2507015466690063,1.0,0.30000001192092896,-1.0,1733474893.378209,0.39068514465234133,-0.8575586516203118,-2.3151614489355454,1.3033370971679688,-0.35820698738098145
6.104587078094482,0.0,0.0,0.0,0.0,-3.057133436203003,1.257017731666565,1.0,0.30000001192092896,-1.0,1733474893.3886652,0.3898506178804943,-0.8825008549633184,-2.3753741639106667,1.3023478984832764,-0.37425553798675537
6.115487575531006,0.0,0.0,0.0,0.0,-3.0287368297576904,1.2707538604736328,1.0,0.30000001192092896,-1.0,1733474893.3981454,0.37367214491303113,-0.8947330376806908,-2.3952238787505458,1.3041152954101562,-0.3727812170982361
6.124157428741455,0.0,0.0,0.0,0.0,-3.0663106441497803,1.2676385641098022,1.0,0.30000001192092896,-1.0,1733474893.4085045,0.36389565772016963,-0.8917437986460302,-2.430118000018894,1.3093860149383545,-0.37052395939826965
6.134842872619629,0.0,0.0,0.0,0.0,-3.072556972503662,1.2817555665969849,1.0,0.30000001192092896,-1.0,1733474893.4182968,0.35443977261923576,-0.9172748421820128,-2.526378524716931,1.3326382637023926,-0.373811811208725
6.154183387756348,0.0,0.0,0.0,0.0,-3.0737273693084717,1.3090691566467285,1.0,0.30000001192092896,-1.0,1733474893.4281461,0.3357011321957545,-0.9275046279365015,-2.5264613354165366,1.321516513824463,-0.3783003091812134
6.154183387756348,0.0,0.0,0.0,0.0,-3.0737273693084717,1.3090691566467285,1.0,0.30000001192092896,-1.0,1733474893.4383008,0.33609689020506206,-0.9350102300068363,-2.500014970097268,1.3338358402252197,-0.3805706202983856
6.164999485015869,0.0,0.0,0.0,0.0,-3.1140189170837402,1.319736361503601,1.0,0.30000001192092896,-1.0,1733474893.44821,0.3219461369661193,-0.9437701207644104,-2.584965922215811,1.3450565338134766,-0.3642352223396301
6.1842498779296875,0.0,0.0,0.0,0.0,-3.1171514987945557,1.3196295499801636,1.0,0.30000001192092896,-1.0,1733474893.4581628,0.3307900118033912,-0.9399713928650787,-2.5841819148155714,1.3567712306976318,-0.3673509359359741
6.1941962242126465,0.0,0.0,0.0,0.0,-3.1468629837036133,1.3107929229736328,1.0,0.30000001192092896,-1.0,1733474893.4681385,0.3156727034834822,-0.9432344184120975,-2.6363804455340243,1.3567712306976318,-0.3693506717681885
6.204975605010986,0.0,0.0,0.0,0.0,-3.132848024368286,1.3284279108047485,1.0,0.30000001192092896,-1.0,1733474893.478393,0.30370971703419897,-0.9537159676119229,-2.6044542858906237,1.3504011631011963,-0.3693506717681885
6.204975605010986,0.0,0.0,0.0,0.0,-3.132848024368286,1.3284279108047485,1.0,0.30000001192092896,-1.0,1733474893.4882889,0.26614864471195826,-0.9764157654463036,-2.7085602728729303,1.3691167831420898,-0.37747475504875183
6.214783191680908,0.0,0.0,0.0,0.0,-3.180269956588745,1.329615831375122,1.0,0.30000001192092896,-1.0,1733474893.4981322,0.2705761502985783,-0.9722320446462116,-2.7242218496893207,1.3681471347808838,-0.379923939704895
6.22419548034668,0.0,0.0,0.0,0.0,-3.1741957664489746,1.3301267623901367,1.0,0.30000001192092896,-1.0,1733474893.508391,0.2558802879275917,-0.9725098322740308,-2.7111992674228134,1.383921504020691,-0.370789498090744
6.234775066375732,0.0,0.0,0.0,0.0,-3.201265335083008,1.3360413312911987,1.0,0.30000001192092896,-1.0,1733474893.5181768,0.24691216854848766,-0.9955749509959382,-2.77188339302578,1.3895751237869263,-0.370789498090744
6.245258331298828,0.0,0.0,0.0,0.0,-3.1865756511688232,1.3517239093780518,1.0,0.30000001192092896,-1.0,1733474893.5281267,0.2211572642143511,-0.9858318573461973,-2.7708910281270844,1.3895751237869263,-0.37912699580192566
6.25423002243042,0.0,0.0,0.0,0.0,-3.1892571449279785,1.372274398803711,1.0,0.30000001192092896,-1.0,1733474893.5382094,0.22181152133840132,-1.006482063948159,-2.900270430327221,1.3779953718185425,-0.38997361063957214
6.275396347045898,0.0,0.0,0.0,0.0,-3.244507312774658,1.3511719703674316,1.0,0.30000001192092896,-1.0,1733474893.548268,0.21555429754112743,-1.0196845117134905,-2.8713975980520683,1.3833165168762207,-0.3904529809951782
6.284255504608154,0.0,0.0,0.0,0.0,-3.215914249420166,1.3631224632263184,1.0,0.30000001192092896,-1.0,1733474893.558211,0.17299012777627348,-1.0222417375505437,-2.9116071229999667,1.4045233726501465,-0.37790003418922424
6.284255504608154,0.0,0.0,0.0,0.0,-3.215914249420166,1.3631224632263184,1.0,0.30000001192092896,-1.0,1733474893.568108,0.16651891451924716,-1.011913165961143,-2.943188627973633,1.4148467779159546,-0.37790003418922424
6.304495334625244,0.0,0.0,0.0,0.0,-3.2720067501068115,1.3633956909179688,1.0,0.30000001192092896,-1.0,1733474893.5782428,0.1725602770115167,-1.0403437146096577,-3.029831934524202,1.4148467779159546,-0.37886667251586914
6.314719200134277,0.0,0.0,0.0,0.0,-3.251560926437378,1.3647541999816895,1.0,0.30000001192092896,-1.0,1733474893.5882638,0.13939906490826598,-1.0235890138889625,-3.0611755992403746,1.4183564186096191,-0.3870800733566284
6.314719200134277,0.0,0.0,0.0,0.0,-3.251560926437378,1.3647541999816895,1.0,0.30000001192092896,-1.0,1733474893.598137,0.1221908287724387,-1.0222007818607615,-3.057505656535033,1.416166067123413,-0.39231017231941223
6.324373722076416,0.0,0.0,0.0,0.0,-3.2893948554992676,1.3783787488937378,1.0,0.30000001192092896,-1.0,1733474893.6085527,0.11262742342218801,-1.0297694492818454,-3.0408830748192677,1.4303635358810425,-0.3978199362754822
6.344765663146973,0.0,0.0,0.0,0.0,-3.282837390899658,1.4071738719940186,1.0,0.30000001192092896,-1.0,1733474893.618339,0.08536675368733938,-1.0525665727015632,-3.06414081442468,1.4311143159866333,-0.39299288392066956
6.344765663146973,0.0,0.0,0.0,0.0,-3.282837390899658,1.4071738719940186,1.0,0.30000001192092896,-1.0,1733474893.6281278,0.08751918994298735,-1.0404148564627347,-3.0998545637845933,1.439792513847351,-0.39299288392066956
6.354156494140625,0.0,0.0,0.0,0.0,-3.3214025497436523,1.4038573503494263,1.0,0.30000001192092896,-1.0,1733474893.6384463,0.0699727417046834,-1.034943392251266,3.098315420334613,1.4450299739837646,-0.3920297622680664
6.365200042724609,0.0,0.0,0.0,0.0,-3.295929431915283,1.404068112373352,1.0,0.30000001192092896,-1.0,1733474893.6483045,0.05145874372738868,-1.0571966439998546,3.136072882118667,1.4364014863967896,-0.39980706572532654
6.374501705169678,0.0,0.0,0.0,0.0,-3.33042573928833,1.390290379524231,1.0,0.30000001192092896,-1.0,1733474893.658105,0.04263698640322175,-1.058890288390728,3.0223058879484577,1.4521026611328125,-0.3879767656326294
6.3841657638549805,0.0,0.0,0.0,0.0,-3.3350160121917725,1.4216145277023315,1.0,0.30000001192092896,-1.0,1733474893.6681688,0.03454030440098395,-1.0592736388603003,3.030364365526908,1.4483832120895386,-0.3912056088447571
6.395131587982178,0.0,0.0,0.0,0.0,-3.3357994556427,1.4402354955673218,1.0,0.30000001192092896,-1.0,1733474893.6782022,-0.007066920391032225,-1.0385408910876646,2.9911457908397274,1.464144229888916,-0.3985308110713959
6.4043073654174805,0.0,0.0,0.0,0.0,-3.360582113265991,1.441931128501892,1.0,0.30000001192092896,-1.0,1733474893.6884634,-0.00731541741533967,-1.040732182276958,2.918726163369384,1.4644393920898438,-0.3959490954875946
6.4148383140563965,0.0,0.0,0.0,0.0,-3.3637969493865967,1.4098771810531616,1.0,0.30000001192092896,-1.0,1733474893.6981525,-0.018992094251607944,-1.0515895009636322,2.9500751146848323,1.4653359651565552,-0.3884258568286896
6.4244232177734375,0.0,0.0,0.0,0.0,-3.3827855587005615,1.440707802772522,1.0,0.30000001192092896,-1.0,1733474893.7082596,-0.051396068791705496,-1.0560046429723962,2.870051418851951,1.4741697311401367,-0.3884258568286896
6.4448957443237305,0.0,0.0,0.0,0.0,-3.404801368713379,1.447861909866333,1.0,0.30000001192092896,-1.0,1733474893.7183378,-0.06935626121942984,-1.0561042980038544,2.9101739253158674,1.485979437828064,-0.3969365060329437
6.454197406768799,0.0,0.0,0.0,0.0,-3.4253287315368652,1.4547677040100098,1.0,0.30000001192092896,-1.0,1733474893.728139,-0.061243008507036914,-1.034823630352425,2.871226542985916,1.485979437828064,-0.3969365060329437
6.454197406768799,0.0,0.0,0.0,0.0,-3.4253287315368652,1.4547677040100098,1.0,0.30000001192092896,-1.0,1733474893.7385232,-0.0938276248262484,-1.0508286027941494,2.815851069606873,1.4772688150405884,-0.39484044909477234
6.465148448944092,0.0,0.0,0.0,0.0,-3.413461685180664,1.4513347148895264,1.0,0.30000001192092896,-1.0,1733474893.7481422,-0.11232806282425241,-1.0430203529771447,2.7810876591950158,1.4772688150405884,-0.39484044909477234
6.474191188812256,0.0,0.0,0.0,0.0,-3.438478946685791,1.4488106966018677,1.0,0.30000001192092896,-1.0,1733474893.758115,-0.12878419138936403,-1.0353926306646801,2.714368288739952,1.4977980852127075,-0.4003761410713196
6.484221935272217,0.0,0.0,0.0,0.0,-3.425855875015259,1.4514509439468384,1.0,0.30000001192092896,-1.0,1733474893.7684085,-0.1459060454549595,-1.0130037330471369,2.6983596006169925,1.4948474168777466,-0.4005288779735565
6.495230197906494,0.0,0.0,0.0,0.0,-3.46182918548584,1.4468969106674194,1.0,0.30000001192092896,-1.0,1733474893.7782352,-0.15445880079404103,-1.0357731544295563,2.6427388509998955,1.4948474168777466,-0.4005288779735565
6.504319190979004,0.0,0.0,0.0,0.0,-3.458873987197876,1.4705967903137207,1.0,0.30000001192092896,-1.0,1733474893.7883103,-0.16313860657977342,-1.0291585331857354,2.6222043698222284,1.49931001663208,-0.4105314314365387
6.51469087600708,0.0,0.0,0.0,0.0,-3.4787275791168213,1.4888224601745605,1.0,0.30000001192092896,-1.0,1733474893.7983744,-0.1859728234870307,-1.0185896088678177,2.6035592421806313,1.509981632232666,-0.40568438172340393
6.525205612182617,0.0,0.0,0.0,0.0,-3.4581851959228516,1.4790434837341309,1.0,0.30000001192092896,-1.0,1733474893.8084157,-0.1842338377424831,-1.0186051970036503,2.5349835860411507,1.516081690788269,-0.40026891231536865
6.534701347351074,0.0,0.0,0.0,0.0,-3.466468095779419,1.5002007484436035,1.0,0.30000001192092896,-1.0,1733474893.818595,-0.21948396569979806,-1.008438964754295,2.485902567752297,1.5090354681015015,-0.4088866114616394
6.555243492126465,0.0,0.0,0.0,0.0,-3.510796308517456,1.5038444995880127,1.0,0.30000001192092896,-1.0,1733474893.828515,-0.2188997870222354,-1.0008949520331203,2.555657227725923,1.5158064365386963,-0.4107152819633484
6.555243492126465,0.0,0.0,0.0,0.0,-3.510796308517456,1.5038444995880127,1.0,0.30000001192092896,-1.0,1733474893.8381956,-0.23982400504303836,-0.9861245782467611,2.447581804879603,1.5158064365386963,-0.4107152819633484
6.565128803253174,0.0,0.0,0.0,0.0,-3.4906117916107178,1.5027984380722046,1.0,0.30000001192092896,-1.0,1733474893.8481176,-0.26539986825319006,-0.9598247931243804,2.3981769920635374,1.528185486793518,-0.4084662199020386
6.5844268798828125,0.0,0.0,0.0,0.0,-3.5393624305725098,1.5125335454940796,1.0,0.30000001192092896,-1.0,1733474893.85813,-0.27799343199999904,-0.9771971192478706,2.3928937030211825,1.5302870273590088,-0.41147342324256897
6.595285415649414,0.0,0.0,0.0,0.0,-3.5414164066314697,1.487525224685669,1.0,0.30000001192092896,-1.0,1733474893.8686159,-0.27549973121289806,-0.9540751434392589,2.363256951732623,1.544980525970459,-0.41147342324256897
6.595285415649414,0.0,0.0,0.0,0.0,-3.5414164066314697,1.487525224685669,1.0,0.30000001192092896,-1.0,1733474893.8782198,-0.28577528750731424,-0.9376963937574295,2.3571434103103983,1.544980525970459,-0.40750449895858765
6.604322910308838,0.0,0.0,0.0,0.0,-3.5165324211120605,1.525383710861206,1.0,0.30000001192092896,-1.0,1733474893.8882952,-0.317527923812973,-0.943335841475335,2.347263202597596,1.5408304929733276,-0.4057537913322449
6.614553451538086,0.0,0.0,0.0,0.0,-3.563633441925049,1.5040640830993652,1.0,0.30000001192092896,-1.0,1733474893.898148,-0.3067213044980881,-0.919492021464326,2.330779809925389,1.5488837957382202,-0.4230280816555023
6.624180316925049,0.0,0.0,0.0,0.0,-3.5693435668945312,1.4978411197662354,1.0,0.30000001192092896,-1.0,1733474893.9082682,-0.3202704982917795,-0.909382168252928,2.24336958488488,1.543897271156311,-0.4141532778739929
6.644172668457031,0.0,0.0,0.0,0.0,-3.555328607559204,1.5311404466629028,1.0,0.30000001192092896,-1.0,1733474893.9182534,-0.3461638796093506,-0.9084190645863486,2.252576026235834,1.5499073266983032,-0.42213860154151917
6.654585361480713,0.0,0.0,0.0,0.0,-3.576017379760742,1.5170446634292603,1.0,0.30000001192092896,-1.0,1733474893.9282324,-0.35914020429197596,-0.8908039521601488,2.1732871158025056,1.5596797466278076,-0.41279906034469604
6.654585361480713,0.0,0.0,0.0,0.0,-3.576017379760742,1.5170446634292603,1.0,0.30000001192092896,-1.0,1733474893.9384277,-0.3521712440738629,-0.8834154610224444,2.194741870091378,1.5596797466278076,-0.41279906034469604
6.665180206298828,0.0,0.0,0.0,0.0,-3.574500560760498,1.5196362733840942,1.0,0.30000001192092896,-1.0,1733474893.948113,-0.37022919891659267,-0.8725266183339353,2.0849713273047565,1.564976453781128,-0.42285284399986267
6.674264907836914,0.0,0.0,0.0,0.0,-3.590733051300049,1.5133898258209229,1.0,0.30000001192092896,-1.0,1733474893.9582736,-0.3805969933092124,-0.8566938494998131,2.094021076356253,1.583210825920105,-0.4173605144023895
6.69492244720459,0.0,0.0,0.0,0.0,-3.6140947341918945,1.5432130098342896,1.0,0.30000001192092896,-1.0,1733474893.968321,-0.4007569048315457,-0.8444679524093017,2.012724961353893,1.583210825920105,-0.4281342923641205
6.69492244720459,0.0,0.0,0.0,0.0,-3.6140947341918945,1.5432130098342896,1.0,0.30000001192092896,-1.0,1733474893.9782257,-0.4050603826563046,-0.8131057035413762,2.0070016112098634,1.5775476694107056,-0.4281342923641205
6.704339504241943,0.0,0.0,0.0,0.0,-3.6163840293884277,1.532238483428955,1.0,0.30000001192092896,-1.0,1733474893.9884152,-0.4167696000312932,-0.796138040526813,1.9507993873166782,1.5859030485153198,-0.4145147204399109
6.724189281463623,0.0,0.0,0.0,0.0,-3.6513476371765137,1.5730223655700684,1.0,0.30000001192092896,-1.0,1733474893.9981394,-0.41437998509670776,-0.7929624308684953,1.9188152813188541,1.592072606086731,-0.4154713749885559
6.724189281463623,0.0,0.0,0.0,0.0,-3.6513476371765137,1.5730223655700684,1.0,0.30000001192092896,-1.0,1733474894.0082068,-0.4450928223455501,-0.784183942674011,1.8876669221392943,1.592072606086731,-0.4154713749885559
6.734383583068848,0.0,0.0,0.0,0.0,-3.6524899005889893,1.5533027648925781,1.0,0.30000001192092896,-1.0,1733474894.0181563,-0.44386466131812996,-0.7435350034526409,1.8868123085424995,1.59121572971344,-0.42985033988952637
6.755011081695557,0.0,0.0,0.0,0.0,-3.6737234592437744,1.5756211280822754,1.0,0.30000001192092896,-1.0,1733474894.0282905,-0.4400259118119001,-0.7536470885006284,1.8303060594430645,1.5961573123931885,-0.41482582688331604
6.764550685882568,0.0,0.0,0.0,0.0,-3.6433587074279785,1.5542258024215698,1.0,0.30000001192092896,-1.0,1733474894.03827,-0.4555929807641253,-0.7301019031621809,1.823416146520493,1.6071444749832153,-0.41482582688331604
6.764550685882568,0.0,0.0,0.0,0.0,-3.6433587074279785,1.5542258024215698,1.0,0.30000001192092896,-1.0,1733474894.0481744,-0.4573327327397562,-0.6962604536700593,1.8231701350493752,1.6090574264526367,-0.4216947555541992
6.784539699554443,0.0,0.0,0.0,0.0,-3.6962337493896484,1.5785200595855713,1.0,0.30000001192092896,-1.0,1733474894.058245,-0.4550801210263878,-0.6940058875224971,1.7305474222816546,1.6146897077560425,-0.43163660168647766
6.79463005065918,0.0,0.0,0.0,0.0,-3.698568105697632,1.5808889865875244,1.0,0.30000001192092896,-1.0,1733474894.0682726,-0.46796877657879565,-0.6722445769936982,1.7418983320079429,1.6146897077560425,-0.41780874133110046
6.804284572601318,0.0,0.0,0.0,0.0,-3.7087554931640625,1.5966179370880127,1.0,0.30000001192092896,-1.0,1733474894.0781949,-0.47804655644575655,-0.6490481354355171,1.738911256183386,1.6096261739730835,-0.41780874133110046
6.8150482177734375,0.0,0.0,0.0,0.0,-3.7052409648895264,1.5764275789260864,1.0,0.30000001192092896,-1.0,1733474894.0883684,-0.47069108971705625,-0.6254212008492995,1.6908565989445314,1.6222763061523438,-0.4351593554019928
6.82415771484375,0.0,0.0,0.0,0.0,-3.706486225128174,1.6068841218948364,1.0,0.30000001192092896,-1.0,1733474894.0981483,-0.4751427855210652,-0.6244291162509558,1.6239638354503703,1.6217365264892578,-0.42423832416534424
6.834261894226074,0.0,0.0,0.0,0.0,-3.713956356048584,1.5873422622680664,1.0,0.30000001192092896,-1.0,1733474894.1081676,-0.4906681038070566,-0.6193860884361626,1.593593078690443,1.6280696392059326,-0.42423832416534424
6.845053672790527,0.0,0.0,0.0,0.0,-3.703193426132202,1.5903204679489136,1.0,0.30000001192092896,-1.0,1733474894.1184893,-0.4695655941755653,-0.5835131187625693,1.5648921661271025,1.6404297351837158,-0.4333885610103607
6.854626655578613,0.0,0.0,0.0,0.0,-3.741234302520752,1.5880416631698608,1.0,0.30000001192092896,-1.0,1733474894.1283433,-0.4685693340041005,-0.5690373162173032,1.5586926790359945,1.6404297351837158,-0.43261176347732544
6.864601135253906,0.0,0.0,0.0,0.0,-3.7444396018981934,1.6168898344039917,1.0,0.30000001192092896,-1.0,1733474894.138216,-0.48646038938435004,-0.5578983788535476,1.5450740382846984,1.646919846534729,-0.43261176347732544
6.864601135253906,0.0,0.0,0.0,0.0,-3.7444396018981934,1.6168898344039917,1.0,0.30000001192092896,-1.0,1733474894.148634,-0.47590185752318215,-0.5375021813963016,1.4589793397555075,1.646919846534729,-0.4418072998523712
6.8751983642578125,0.0,0.0,0.0,0.0,-3.750192165374756,1.6199570894241333,1.0,0.30000001192092896,-1.0,1733474894.158158,-0.4743844260583334,-0.5042069444446684,1.4595995300354376,1.6338484287261963,-0.4418072998523712
6.895111083984375,0.0,0.0,0.0,0.0,-3.7451913356781006,1.6264580488204956,1.0,0.30000001192092896,-1.0,1733474894.1687627,-0.4698464918313404,-0.49669113283539523,1.3829051128015308,1.6380172967910767,-0.42699676752090454
6.895111083984375,0.0,0.0,0.0,0.0,-3.7451913356781006,1.6264580488204956,1.0,0.30000001192092896,-1.0,1733474894.178191,-0.4569988513998403,-0.4676455824347664,1.3981561888470886,1.641788125038147,-0.43688637018203735
6.904402732849121,0.0,0.0,0.0,0.0,-3.7499771118164062,1.627706527709961,1.0,0.30000001192092896,-1.0,1733474894.1884673,-0.47050664276714027,-0.4672683556809531,1.3542009123780665,1.648275375366211,-0.42700448632240295
6.9144487380981445,0.0,0.0,0.0,0.0,-3.754150867462158,1.6300914287567139,1.0,0.30000001192092896,-1.0,1733474894.1982453,-0.45017038244920693,-0.45596351719501627,1.3105483662664805,1.648275375366211,-0.43877455592155457
6.924882411956787,0.0,0.0,0.0,0.0,-3.774541139602661,1.621217131614685,1.0,0.30000001192092896,-1.0,1733474894.2082164,-0.4679492492070761,-0.4370121766406414,1.2565725778288173,1.6557193994522095,-0.4292522370815277
6.945479393005371,0.0,0.0,0.0,0.0,-3.7927143573760986,1.641793966293335,1.0,0.30000001192092896,-1.0,1733474894.218602,-0.4490112285261449,-0.40896806852834106,1.2568402542592108,1.6575229167938232,-0.4354134202003479
6.945479393005371,0.0,0.0,0.0,0.0,-3.7927143573760986,1.641793966293335,1.0,0.30000001192092896,-1.0,1733474894.22825,-0.44425953238015914,-0.40132034507393843,1.2434226802466897,1.6718417406082153,-0.4307975172996521
6.964709758758545,0.0,0.0,0.0,0.0,-3.8231003284454346,1.6346690654754639,1.0,0.30000001192092896,-1.0,1733474894.238285,-0.4278012062243477,-0.3814042588463704,1.1912091316851512,1.6695138216018677,-0.42958158254623413
6.964709758758545,0.0,0.0,0.0,0.0,-3.8231003284454346,1.6346690654754639,1.0,0.30000001192092896,-1.0,1733474894.2482653,-0.44019374424754226,-0.3558466775695432,1.1350682086688233,1.6695138216018677,-0.42958158254623413
6.974623203277588,0.0,0.0,0.0,0.0,-3.7905967235565186,1.6509240865707397,1.0,0.30000001192092896,-1.0,1733474894.25814,-0.4363445340424039,-0.33451422861871927,1.1416307399222627,1.6705936193466187,-0.4437613785266876
6.994547367095947,0.0,0.0,0.0,0.0,-3.8179421424865723,1.6573312282562256,1.0,0.30000001192092896,-1.0,1733474894.2684484,-0.4286667625815636,-0.33914682978351607,1.1072111011575434,1.688171148300171,-0.44120922684669495
7.004638195037842,0.0,0.0,0.0,0.0,-3.828948497772217,1.6280884742736816,1.0,0.30000001192092896,-1.0,1733474894.2782774,-0.3977171454225427,-0.3140182404890076,1.0684555709516321,1.688171148300171,-0.44120922684669495
7.004638195037842,0.0,0.0,0.0,0.0,-3.828948497772217,1.6280884742736816,1.0,0.30000001192092896,-1.0,1733474894.2882605,-0.40517025398600515,-0.31373275651282934,1.0171297197394242,1.6872262954711914,-0.4490267336368561
7.014675617218018,0.0,0.0,0.0,0.0,-3.839689254760742,1.632460594177246,1.0,0.30000001192092896,-1.0,1733474894.298124,-0.38886764083410397,-0.27821668628237173,0.9826030044480503,1.6877392530441284,-0.44738566875457764
7.024229526519775,0.0,0.0,0.0,0.0,-3.8326754570007324,1.6596180200576782,1.0,0.30000001192092896,-1.0,1733474894.3085597,-0.37866817738286107,-0.26641217545167273,0.9518832638240647,1.6868163347244263,-0.45053935050964355
7.0448174476623535,0.0,0.0,0.0,0.0,-3.8320279121398926,1.655918002128601,1.0,0.30000001192092896,-1.0,1733474894.31826,-0.3552867092555181,-0.24616239093679393,0.9429159490956613,1.694318175315857,-0.4443053901195526
7.0448174476623535,0.0,0.0,0.0,0.0,-3.8320279121398926,1.655918002128601,1.0,0.30000001192092896,-1.0,1733474894.32815,-0.36479287961628837,-0.2268086590433915,0.8835304186991382,1.694318175315857,-0.4443053901195526
7.054367542266846,0.0,0.0,0.0,0.0,-3.87933087348938,1.6814852952957153,1.0,0.30000001192092896,-1.0,1733474894.3381267,-0.35016477711392474,-0.2386422807721893,0.876989945295453,1.6987391710281372,-0.4517911672592163
7.064395427703857,0.0,0.0,0.0,0.0,-3.842329978942871,1.6745694875717163,1.0,0.30000001192092896,-1.0,1733474894.3482459,-0.31896864530407,-0.22472522992978466,0.8176604453386446,1.6988328695297241,-0.443209707736969
7.084503173828125,0.0,0.0,0.0,0.0,-3.868342638015747,1.6747039556503296,1.0,0.30000001192092896,-1.0,1733474894.3582406,-0.32909573172144013,-0.19713244024695098,0.7943273322348786,1.6951303482055664,-0.4538344740867615
7.084503173828125,0.0,0.0,0.0,0.0,-3.868342638015747,1.6747039556503296,1.0,0.30000001192092896,-1.0,1733474894.3684192,-0.3013874976039088,-0.19081637365974952,0.7529507104261438,1.6997123956680298,-0.44970184564590454
7.104246616363525,0.0,0.0,0.0,0.0,-3.89591121673584,1.6912345886230469,1.0,0.30000001192092896,-1.0,1733474894.3781536,-0.28847091721606066,-0.18735613332998802,0.7418787443475965,1.7128080129623413,-0.4515288472175598
7.104246616363525,0.0,0.0,0.0,0.0,-3.89591121673584,1.6912345886230469,1.0,0.30000001192092896,-1.0,1733474894.3881733,-0.28974077150259847,-0.17120253662774246,0.7046767865363823,1.7128080129623413,-0.4515288472175598
7.114803791046143,0.0,0.0,0.0,0.0,-3.8772034645080566,1.6591565608978271,1.0,0.30000001192092896,-1.0,1733474894.398101,-0.27089103999664904,-0.1549562392575781,0.680393767200557,1.716015338897705,-0.4508422613143921
7.124195098876953,0.0,0.0,0.0,0.0,-3.912628173828125,1.6891926527023315,1.0,0.30000001192092896,-1.0,1733474894.4084752,-0.25397168693528693,-0.15541167831631597,0.6326869907338298,1.716015338897705,-0.4508422613143921
7.144902229309082,0.0,0.0,0.0,0.0,-3.899440288543701,1.6639399528503418,1.0,0.30000001192092896,-1.0,1733474894.4183555,-0.22323638231064535,-0.1329735940078289,0.6062077239589175,1.7236804962158203,-0.4483136832714081
7.144902229309082,0.0,0.0,0.0,0.0,-3.899440288543701,1.6639399528503418,1.0,0.30000001192092896,-1.0,1733474894.4281414,-0.21312812142044968,-0.12896489837026598,0.5611582215666618,1.7236804962158203,-0.4483136832714081
7.154238700866699,0.0,0.0,0.0,0.0,-3.904322385787964,1.696774959564209,1.0,0.30000001192092896,-1.0,1733474894.4384093,-0.19202457032748826,-0.10778240368843743,0.5365448402269946,1.7316008806228638,-0.44623762369155884
7.174381256103516,0.0,0.0,0.0,0.0,-3.932630777359009,1.6871510744094849,1.0,0.30000001192092896,-1.0,1733474894.4482837,-0.17154932523494618,-0.1190793683957568,0.5220552262603306,1.72475004196167,-0.4546612799167633
7.174381256103516,0.0,0.0,0.0,0.0,-3.932630777359009,1.6871510744094849,1.0,0.30000001192092896,-1.0,1733474894.4581404,-0.17488855535508557,-0.1054783958112194,0.4676056468613704,1.734979510307312,-0.4546612799167633
7.184204578399658,0.0,0.0,0.0,0.0,-3.934391975402832,1.7015076875686646,1.0,0.30000001192092896,-1.0,1733474894.468482,-0.15702740735628778,-0.11329158486058251,0.4462144143953279,1.736856460571289,-0.45857012271881104
7.195281505584717,0.0,0.0,0.0,0.0,-3.956282615661621,1.7076542377471924,1.0,0.30000001192092896,-1.0,1733474894.4783015,-0.13206984481821438,-0.08137390666593035,0.4166869113851251,1.7433533668518066,-0.44520846009254456
7.204709053039551,0.0,0.0,0.0,0.0,-3.939519166946411,1.7113621234893799,1.0,0.30000001192092896,-1.0,1733474894.4884186,-0.11260763140086888,-0.0849979260141501,0.37818037993561904,1.746206283569336,-0.45517298579216003
7.224300384521484,0.0,0.0,0.0,0.0,-3.9346253871917725,1.6858267784118652,1.0,0.30000001192092896,-1.0,1733474894.498101,-0.08447542552685604,-0.09073348698782194,0.3484160777781498,1.7373379468917847,-0.44171369075775146
7.234649181365967,0.0,0.0,0.0,0.0,-3.9649527072906494,1.7020937204360962,1.0,0.30000001192092896,-1.0,1733474894.508302,-0.06323066206941906,-0.08350887816183543,0.31458622392294455,1.7414324283599854,-0.4570576846599579
7.244863033294678,0.0,0.0,0.0,0.0,-3.9839742183685303,1.7039769887924194,1.0,0.30000001192092896,-1.0,1733474894.5183613,-0.06884490174917635,-0.08911093422185888,0.28488930313451744,1.75882089138031,-0.46122825145721436
7.244863033294678,0.0,0.0,0.0,0.0,-3.9839742183685303,1.7039769887924194,1.0,0.30000001192092896,-1.0,1733474894.528133,-0.03302392588745692,-0.07927786470487543,0.2413696875106933,1.75882089138031,-0.4621175229549408
7.254178524017334,0.0,0.0,0.0,0.0,-3.965221881866455,1.733824372291565,1.0,0.30000001192092896,-1.0,1733474894.5385578,-0.00737733197974684,-0.07305070191030363,0.2167885885703933,1.7597527503967285,-0.45616471767425537
7.274344444274902,0.0,0.0,0.0,0.0,-3.9714701175689697,1.7352960109710693,1.0,0.30000001192092896,-1.0,1733474894.5482605,0.014563145413453438,-0.062440504790504024,0.17727375454897834,1.752280354499817,-0.46378275752067566
7.274344444274902,0.0,0.0,0.0,0.0,-3.9714701175689697,1.7352960109710693,1.0,0.30000001192092896,-1.0,1733474894.558163,0.012114855450624892,-0.07827285048331153,0.14944801763504964,1.7485311031341553,-0.4621657431125641
7.284234046936035,0.0,0.0,0.0,0.0,-3.9806084632873535,1.7037266492843628,1.0,0.30000001192092896,-1.0,1733474894.568274,0.054340443766477106,-0.08001275753162257,0.11625456784250882,1.7688822746276855,-0.45280787348747253
7.295419216156006,0.0,0.0,0.0,0.0,-4.005190849304199,1.720700740814209,1.0,0.30000001192092896,-1.0,1733474894.578094,0.04999676456292848,-0.06457287579777413,0.08131958277503662,1.7690290212631226,-0.44963932037353516
7.304202079772949,0.0,0.0,0.0,0.0,-3.9825212955474854,1.7246519327163696,1.0,0.30000001192092896,-1.0,1733474894.5884693,0.09015444968314912,-0.0701079407183327,0.04776726900199651,1.769774079322815,-0.44742196798324585
7.314785957336426,0.0,0.0,0.0,0.0,-3.9938268661499023,1.7443188428878784,1.0,0.30000001192092896,-1.0,1733474894.5982594,0.08435170173575515,-0.07129718067748748,0.014683108106535562,1.7732601165771484,-0.4469375014305115
7.324551582336426,0.0,0.0,0.0,0.0,-4.020040035247803,1.7131493091583252,1.0,0.30000001192092896,-1.0,1733474894.6081522,0.12954786482186256,-0.07708505934319522,-0.01821306620440165,1.7614445686340332,-0.4495154917240143
7.344127655029297,0.0,0.0,0.0,0.0,-4.01273775100708,1.7202494144439697,1.0,0.30000001192092896,-1.0,1733474894.6181118,0.13790800218698185,-0.07595437650118032,-0.05118434628435349,1.7770742177963257,-0.4487777054309845
7.355587482452393,0.0,0.0,0.0,0.0,-4.007920265197754,1.724841833114624,1.0,0.30000001192092896,-1.0,1733474894.6288235,0.16110259792237766,-0.0894500974981887,-0.08344618395497892,1.7729424238204956,-0.45066484808921814
7.355587482452393,0.0,0.0,0.0,0.0,-4.007920265197754,1.724841833114624,1.0,0.30000001192092896,-1.0,1733474894.6386673,0.16979847052542912,-0.09617399692937761,-0.11849392521100892,1.7744897603988647,-0.4562126100063324
7.3653883934021,0.0,0.0,0.0,0.0,-4.014061450958252,1.7333794832229614,1.0,0.30000001192092896,-1.0,1733474894.6483161,0.17888181990449092,-0.11585915903252123,-0.1526428688878993,1.774092197418213,-0.4540085196495056
7.3845744132995605,0.0,0.0,0.0,0.0,-4.029099941253662,1.7295945882797241,1.0,0.30000001192092896,-1.0,1733474894.658108,0.1933127069686324,-0.12692146570678825,-0.1832421751303385,1.778283715248108,-0.45800289511680603
7.395118713378906,0.0,0.0,0.0,0.0,-4.048543453216553,1.727642297744751,1.0,0.30000001192092896,-1.0,1733474894.6682453,0.22798756133413742,-0.13484056837526304,-0.2219294011280329,1.79010009765625,-0.46807345747947693
7.395118713378906,0.0,0.0,0.0,0.0,-4.048543453216553,1.727642297744751,1.0,0.30000001192092896,-1.0,1733474894.6781936,0.23494534822188065,-0.12198392258016272,-0.24614243619217188,1.79010009765625,-0.46807345747947693
7.414597034454346,0.0,0.0,0.0,0.0,-4.047521114349365,1.7409336566925049,1.0,0.30000001192092896,-1.0,1733474894.6882808,0.2673953782159079,-0.14487890242986537,-0.29220602012420716,1.780678153038025,-0.46519094705581665
7.424426555633545,0.0,0.0,0.0,0.0,-4.0583882331848145,1.7405378818511963,1.0,0.30000001192092896,-1.0,1733474894.6981752,0.27342129396070697,-0.16153154946804377,-0.32593594145241817,1.780678153038025,-0.46519094705581665
